Mot,Familiarite,Age,TR
soup,4.63,young,6.31803073760973
life,5.87,old,6.50293995971547
fact,5.27,old,6.50139477012234
friend,6.1,old,6.58226056824087
cape,3.1,young,6.3742920130603
rape,3.93,old,6.61548938351404
stitch,4,young,6.53975935098845
craze,3.37,old,6.67871940196309
scribe,2.73,young,6.49877901397063
ice,5.13,young,6.31160775934014
shuck,2.23,young,6.78615245722289
gas,5.13,old,6.76269482424952
drone,2.31,old,6.76316871682347
hound,3.23,old,6.64751974715474
grouch,3.63,young,6.53373069670829
band,4.5,young,6.33448671459293
link,3.9,young,6.37733900545114
coin,4.73,young,6.28288337916915
quill,2.5,young,6.49170939132979
talk,6.45,old,6.64642947512773
trout,3.27,old,6.55162304489263
plea,2.83,old,6.61083062516342
self,5.4,old,6.51669590818157
rear,4.63,young,6.35772094199087
pat,3.6,old,6.52351825231572
oust,2.5,young,6.62007320653036
crab,3.27,old,6.6156902822015
fare,4.07,old,6.62397226199132
cent,5.37,old,6.62741948972654
laze,1.73,old,6.84155137185883
toll,3.47,old,6.74527164297919
clutch,3.2,old,6.63948360005018
lane,4.1,young,6.37653985556802
peace,4.7,old,6.57781963223303
flute,3.3,old,6.64577993887376
march,3.8,old,6.558665778401
kite,3.33,old,6.48982783758288
lens,4.23,old,6.65681649442401
neck,4.97,young,6.31448963183176
tour,4.37,young,6.45447503121362
pith,1.97,young,6.54514849067587
fare,4.07,young,6.50859028342245
bough,2.3,young,6.7084625226146
loss,5.03,old,6.48136271119098
sue,3.8,old,6.63301575589925
doom,3.38,old,6.70486768356772
bird,5.17,young,6.37784876740335
hip,4.57,young,6.30238085215764
lug,3.3,old,6.66746556883296
rust,3.53,young,6.33175092919115
strife,2.8,young,6.5186604437873
bunk,3.27,old,6.6796368735764
lose,5.23,young,6.34691624318402
coupe,2.63,old,6.6759871426253
scare,4.9,old,6.75626937880702
slam,4.5,old,6.5960946722587
style,5.03,young,6.41870745475771
bilge,1.63,young,6.67560882286493
sum,3.8,young,6.37715202760747
smart,5.17,young,6.32589899456076
break,5.17,young,6.23623259451885
woe,2.67,old,6.64768837356333
tail,4.47,young,6.42954204294362
trunk,4,young,6.37735600170347
staunch,2.57,young,6.62015320333053
gag,3.27,young,6.5564231794539
chute,2.7,young,6.61058836731914
coin,4.73,old,6.57633028358244
train,3.93,young,6.33922991841677
hatch,2.97,young,6.46096805131203
croak,2.9,old,6.74884160743065
spell,4.33,old,6.53087762772588
crag,1.8,young,6.59122095462333
strive,4.4,old,6.72105213704849
sludge,2.47,young,6.6234807276637
puff,3.73,young,6.37343923636788
spurt,2.97,old,6.75170947120042
port,3.03,young,6.52702180709316
cut,5.47,young,6.23926168586085
cube,3.93,old,6.51752355151456
gloom,3.81,old,6.58589575472877
perch,3.19,old,6.66746556883296
monk,2.97,young,6.3843171171653
stout,2.87,old,6.73117321971539
beck,2.57,young,6.70224288137387
tome,1.73,old,6.86739151279258
fail,5.03,old,6.84927834922316
bridge,4.7,young,6.32340869022718
maw,1.67,young,6.4289127010692
pier,3.1,young,6.48370350399818
peak,4,young,6.40971424957557
clip,4.23,young,6.39974236251034
sluice,1.43,old,7.13334383882543
van,4.23,old,6.72618543957786
toil,2.8,old,6.68359871474355
chore,3.67,young,6.50337458268689
foe,2.93,young,6.4683041328708
nonce,1.27,young,6.4723462945009
wrap,4.3,old,6.6123635634603
newt,2.73,young,6.54965074223381
shout,4.93,young,6.49719722380796
disc,5,young,6.44024453990209
rim,3.93,young,6.46881611401626
hair,5.73,old,6.68035267074754
stock,4.1,old,6.51526068884236
lathe,1.57,old,6.77493220686797
tee,3.4,young,6.4452435154947
squad,3.03,young,6.41150623216816
spade,2.8,young,6.45508849438968
flee,3.25,young,6.4906173073128
brow,3.6,young,6.52919983618083
droop,2.97,old,6.77319478558644
sub,4.67,young,6.66768172044508
world,5.87,young,6.28407818935516
space,5.1,young,6.35257713014535
dodge,3.8,old,6.64468776729428
torch,3.37,old,6.6779269341392
crone,1.7,young,6.52265146561584
hip,4.57,old,6.54496165403523
pie,4.17,young,6.36635016558374
sway,3.63,young,6.44443327786011
shore,3.33,young,6.39359075395063
cope,3.4,young,6.44029241924615
starve,4.3,young,6.4323450604371
speck,3.47,old,6.74768041913491
wretch,2.97,young,6.4049970262939
hoe,3.37,young,6.41789174079966
fish,4.27,young,6.29513684180739
fell,5.17,old,6.52697790540367
notch,3.13,old,6.69698486373107
hear,5.73,young,6.35617710272918
hug,5.5,young,6.32788321086562
crouch,3.07,young,6.43974965239907
space,5.1,old,6.55146597496049
crumb,4.4,young,6.39040843822588
wrist,3.8,old,6.56307948501024
may,5.7,young,6.30379045047252
spark,3.37,young,6.34833447203669
runt,2.5,young,6.63388406275554
work,6.67,old,6.56042227718818
call,6.17,old,6.54117428892394
draft,4.1,old,6.63393666318951
snoop,3.37,old,6.69994359166491
sheath,2.7,old,6.78417421721078
flood,3.6,old,6.52042965120176
gang,4.77,old,6.63903888237317
shake,4.67,old,6.57493636085883
saw,5.53,young,6.30523459963537
shine,4.7,young,6.38881347461389
fold,4.93,old,6.54445845873452
ebb,1.9,young,6.58490188351892
dough,3.67,old,6.5781533873989
please,6.73,young,6.30203272334646
trail,3.87,old,6.7223289072347
pate,1.47,young,6.42118314701685
fill,5.03,young,6.48829266123012
norm,3.83,young,6.40833107794059
queen,3.62,old,6.62923114431512
ace,3.8,old,6.65372717200355
tongue,4.67,young,6.32713288926404
pierce,3.53,young,6.39347369024276
mail,6.37,young,6.36955845842001
spark,3.37,old,6.55613894723427
curb,4.13,young,6.44565632530638
pave,3.34,old,6.68214619072813
bee,3.63,young,6.34330030103105
thrill,3.73,old,6.64270841957214
poll,3.53,young,6.38414832085141
fare,4.07,young,6.50859028342245
slant,3.13,young,6.47497036021901
hooch,2.23,young,6.47212988777908
snort,3.4,young,6.49051106883768
slide,4.17,old,6.61041336681389
guile,1.9,old,6.9473605335745
harm,4.47,young,6.38973718463464
vex,2.13,old,6.85208399411167
tug,3.6,old,6.5452490805638
flow,5,old,6.73113742510486
skit,3.43,old,6.57870939858905
flog,2.1,old,6.82856054501059
pea,3.77,old,6.50945444605799
gang,4.77,young,6.37643779045038
ring,4.7,young,6.30658545781816
crouch,3.07,old,6.85565112962474
tact,3.5,old,6.56744568912967
cow,4.72,old,6.48053523907094
sheet,4.83,old,6.50584384907327
ken,2.37,young,6.49978704065585
arch,4.03,old,6.64356835447856
watt,3.5,young,6.48645038115456
chat,5.06,young,6.41887051773299
clam,3.37,young,6.40986233312787
pulse,4.17,young,6.37924079234506
bleed,4.2,old,6.63896038224884
wax,3.73,old,6.6617652224722
grille,2.93,old,6.85404854828288
dud,2.83,old,6.6588835790952
drop,4.83,old,6.58841740712634
sex,5.9,old,6.57008432418528
cod,2.57,old,6.67897084777784
funk,3.78,old,6.78705549374435
hark,2.9,young,6.4989897304073
work,6.67,young,6.43882307555471
stay,5.33,young,6.30379045047252
heal,3.9,young,6.51446080730067
wink,3.63,old,6.58788053870816
mink,2.33,old,6.71212961370467
jump,4.8,young,6.26168250580812
spree,3.27,old,6.78918568406911
mead,2.13,young,6.5239440247688
blink,4.37,young,6.38632360942892
bum,4.33,young,6.43353477118836
shark,3.5,old,6.5389065341117
wire,3.97,old,6.50932040079517
smart,5.17,old,6.59218114783309
ant,3.63,old,6.57233848518514
chef,4.37,old,6.56180829839838
poke,3.73,old,6.62446355483165
slump,3.6,old,6.65625083264894
starch,3.43,old,6.61235012684418
dam,3.2,young,6.50557477066519
fix,5.47,old,6.54500477328151
form,4.8,old,6.67991320688637
dent,3.57,old,6.77159185416927
stain,4.5,old,6.75271420286973
purse,4.43,young,6.40198352951883
tomb,3.3,old,6.52820642475379
bond,4.3,young,6.38618884535008
snare,2.7,old,6.63779523951797
retch,2.13,old,6.9696872810985004
sup,2.53,young,6.37229537425779
type,5.41,old,6.66742741958036
voice,5.13,young,6.23695650208595
sop,2.17,old,6.9548869257144
daunt,2.37,young,6.592112593171
scourge,2.13,young,6.4723462945009
eat,6.67,young,6.26263606743277
clap,3.97,old,6.56322062827088
ream,2.83,old,6.74911118554254
froth,2.13,young,6.65654655939958
ship,3.97,young,6.37038031998261
crush,4,young,6.3590027713713
itch,4.88,young,6.57243637701475
squat,3.87,young,6.51539394025095
pole,3.93,old,6.60163764437467
run,6.2,old,6.68434919320877
waist,4.81,old,6.68573609532964
lace,3.33,young,6.40146933525818
trap,3.93,young,6.4429700103778
munch,3.9,old,6.67983785082897
god,5.63,old,6.86764136704556
low,5.47,old,6.5462113579319
dough,3.67,young,6.48396325418109
hop,3.13,old,6.62003320573034
slot,3.73,young,6.48387158534995
chart,4.37,old,6.55397613815543
strap,3.7,young,6.44489408173266
rue,2.03,old,6.7953477692626
boss,4.57,young,6.32589899456076
mass,4.81,young,6.39609597446757
cow,4.72,young,6.32589899456076
plate,5.57,old,6.57674808179198
ken,2.37,old,6.88072318193082
saint,4.3,old,6.57929287780874
squaw,1.87,old,6.73555433557216
task,4,old,6.53834240816647
treat,4.5,old,6.5815125421636
broad,4.27,young,6.35570827539664
shape,5,young,6.32084023410889
rush,5.57,young,6.34814199104359
sneer,2.83,old,6.65479664258874
prep,3.43,old,6.81969972066124
beard,3.8,old,6.56049303908151
lime,3.33,old,6.6398235448778
end,5.69,young,6.36225194033475
punk,3.8,old,6.59936697110329
nest,3.63,young,6.36578292621931
jolt,3.34,old,6.68081703692744
gull,2.13,young,6.62330796904028
seal,3.73,old,6.66923155687919
bust,3.93,young,6.44768613887993
fear,4.93,old,6.54040931598544
peep,3.23,old,6.66982798467518
march,3.8,young,6.36954132911949
thirst,4.8,young,6.38205287598572
mole,2.9,young,6.383506634884
curb,4.13,old,6.7278747404774
pier,3.1,old,6.63741529283695
gull,2.13,old,6.83195356556585
deem,3,old,6.78058078127632
weld,2.87,old,6.6440501159118
top,5.6,old,6.47455405652717
goon,2.45,young,6.7198220059206
mine,5.9,old,6.70871880301116
damp,4.13,young,6.43558931357172
crank,3.38,old,6.7046594229717
cyst,2.47,young,6.70288131771767
pall,1.93,young,6.4450211626834
sleep,6.57,young,6.31658690253361
share,4.77,old,6.5355895412749
stout,2.87,young,6.46925031679577
pad,4.2,old,6.55909102079556
cult,3.03,young,6.4803052641372
wrath,3.47,old,6.6583704164627
plot,3.83,old,6.50289498793525
flax,1.93,old,6.68111813216363
dwarf,3.03,young,6.43557327880835
lad,3,old,6.59355125505278
peer,4.47,old,6.60597428215085
link,3.9,old,6.62176510779122
veil,2.94,young,6.46348177270718
stove,4.47,old,6.61303516417864
bond,4.3,old,6.5781811953019
roof,3.7,old,6.51262161721222
scan,3.77,young,6.4635909217347
bale,2.53,old,6.74245601735237
gig,3.33,old,6.89498407319976
knoll,2.4,old,6.67555836941453
pool,4.23,young,6.36220017469505
stitch,4,old,6.75243391417054
doubt,5.23,young,6.47284076264868
pith,1.97,old,6.8835138146091
touch,5.97,old,6.53548797497741
sock,5.13,old,6.65432003192554
praise,4.27,old,6.59800481432639
list,5.27,old,6.61384049011071
dirt,5,old,6.55909102079556
knock,4.97,old,6.48085711515143
bowl,5.37,young,6.36278669509345
tilt,3.6,old,6.55521463418186
choice,5.07,old,6.55065167175185
bell,4.27,young,6.30071239747432
ball,5.3,young,6.36201034442
sloe,1.23,young,6.61284716143862
shove,3.67,old,6.68150691271445
shrink,3.97,old,6.62249693359613
scald,2.97,old,6.69666380869207
truck,4.93,old,6.63817504189434
quill,2.5,old,6.74745741051294
hang,5.17,old,6.57014038978205
bitch,5.67,old,6.65321135577743
cam,1.43,old,7.00397413672268
rip,4.03,old,6.67199497005647
toast,4.4,old,6.48244964285957
split,4.03,young,6.3586218585611
twinge,2.6,young,6.60501371277057
sack,4.07,young,6.37043166390992
swap,4.07,young,6.53112541043629
stuff,6.33,old,6.59267460271254
place,5.67,old,6.53725665530742
dread,3.63,young,6.51679940106653
heap,3.53,young,6.41948991465581
dawn,3.73,old,6.59807296625069
loom,2.7,old,6.67346230318926
boon,2.03,young,6.5866956554734
fawn,2.47,young,6.50151487040622
nap,5.63,young,6.3525597074802
reach,4.87,old,6.51583798341924
cam,1.43,young,6.45170189106313
rock,5.2,old,6.54131855784145
wharf,2.4,young,6.48183743230124
goal,4.93,young,6.36597204176087
rose,4.03,young,6.40811684460671
creed,2.97,young,6.41847912191267
scratch,4.72,young,6.33150184989369
stead,2.07,young,6.56699586553727
shrug,3.5,young,6.53415214402272
cure,4.17,young,6.31698416503906
thump,2.97,young,6.46999422607315
lay,4.83,old,6.47322689583854
clock,5.93,old,6.56826047901516
swath,1.64,old,6.7935558146571
hum,3.37,young,6.4923004392446
tent,3.2,old,6.5017100026089
chive,2.6,young,6.62882149508806
wink,3.63,young,6.38583500321053
czar,2.73,old,6.77914888149192
bay,3.5,young,6.41766322160305
haste,3.4,old,6.49375383985169
street,5.63,old,6.64633856544643
pay,5.3,old,6.50635191082864
tip,4.7,old,6.55738896515297
spike,3.2,old,6.53352717579582
van,4.23,young,6.44436970203798
stretch,4.3,young,6.41560419548096
squash,3.33,young,6.45882405875374
night,6.13,young,6.38090189413895
rate,4.6,old,6.59916276583544
bush,4.27,young,6.36732918543986
stroll,3.37,old,6.66555632113277
swipe,3.73,young,6.34400344940674
shock,3.8,old,6.6458708993515
fact,5.27,young,6.34189251928624
hoist,2.77,young,6.45829126029565
cluck,2.73,young,6.61273971543013
tint,3.4,old,6.63148781134561
mitt,3.13,old,6.75133535971084
aide,3.27,old,6.79714768813732
stall,3.8,young,6.37277356533839
buff,4.17,young,6.4750936761855
lift,4.8,young,6.28655659773478
gal,3.23,old,6.71690949396709
wring,2.83,young,6.70407115882415
moss,2.87,young,6.38362487113707
float,3.93,old,6.64317756664532
lock,5.63,old,6.54788953556709
clip,4.23,old,6.51718370946396
troll,2.53,young,6.5947827485994
gnome,2.43,old,6.75983514890551
moose,2.9,young,6.39942653541473
whit,2.83,young,6.59160514255083
cleat,2.63,young,6.739099912952
lob,2.53,old,6.90209931412598
snout,2.6,old,6.71827616790158
spend,5.73,old,6.5132301109123
prick,4,old,6.68284767263737
ham,4.53,old,6.520959803633
bring,6.13,old,6.5366915975913
tack,3.27,young,6.48609981147524
tell,6.03,young,6.36947280898311
gripe,2.97,old,6.65208853596237
nymph,2.83,young,6.48495579493765
tile,3.8,young,6.47245448030239
hank,1.94,young,6.49243678532146
site,4.17,young,6.40925340490498
war,4.4,old,6.50020800466965
rite,3.27,old,6.88763420098592
shed,3.57,young,6.4352525295353
squash,3.33,old,6.69358385746613
steer,3.47,young,6.45318395676602
thief,3.93,young,6.31794055896577
treat,4.5,young,6.44134518524653
wrest,1.57,young,6.46976181386582
oil,4.07,old,6.5166367645809
bark,3.7,young,6.39404215706963
stem,3.4,old,6.70645883222292
move,5.73,young,6.36487123152226
bust,3.93,old,6.61629273621567
oath,3.03,old,6.7113266841855
grass,5,old,6.67746122363909
cloud,5.03,young,6.28683573241907
crave,4.27,young,6.40113745665632
spear,3.2,young,6.40788608044666
pose,3.24,old,6.60403867105092
trough,2.6,old,6.78999599304373
clan,3.43,young,6.55967189311208
creep,3.6,young,6.41831599509752
dish,5.4,old,6.55852399074195
pit,3.67,young,6.34191012879537
siege,3.03,young,6.48390214256069
fan,4.55,young,6.33675493218008
hell,5.63,old,6.60610949951297
cite,3.27,old,6.78086464477395
grouch,3.63,old,6.7414999661249
rime,1.5,young,6.68121847709943
show,5.3,young,6.34505724580544
pint,3.8,young,6.46298265395335
wrath,3.47,young,6.49354201711626
coke,6.1,old,6.6151410634848
writ,2.23,old,6.9837528932086
sigh,3.9,young,6.52519093516016
pelt,2.28,young,6.55636633947264
herd,3.13,young,6.45356200478262
stove,4.47,young,6.35168818697046
coach,4.2,old,6.54864880985199
fret,2.9,young,6.58913278362372
thing,6.1,old,6.6173628702183
beak,3.23,young,6.5941808745644
spine,4.47,old,6.62472901806655
grate,3.27,old,6.74385893069027
breach,2.87,old,6.69058137382096
zone,4.53,old,6.5824405650568
pus,2.6,young,6.51257707874211
fork,5.83,old,6.56206266502685
plum,3.4,old,6.51490526492155
beet,2.47,old,6.60128446507817
pale,4.3,young,6.30201439741986
fluke,3.37,young,6.41437656881987
wield,1.93,old,6.79031093596293
dale,2,young,6.6546807311707
wait,5.8,old,6.5822744153001
test,5.87,old,6.57776399554061
juice,6.13,young,6.27091281463266
turf,3.1,young,6.51926527507993
egg,4.73,young,6.30010666502434
feast,3.3,old,6.54629748686697
vent,3.93,young,6.4736128799871
bear,4.57,old,6.54530655595716
stoop,3.33,old,6.77920574199606
whirl,2.8,old,6.69505698552947
fur,3.67,old,6.57571719695082
ghoul,2.37,old,6.93491314302446
task,4,young,6.32466357548024
tense,4.5,young,6.43887102300432
toss,3.73,young,6.4348835406409
fail,5.03,young,6.39950965747953
fix,5.47,young,6.41918026415097
lord,4.1,young,6.3843171171653
fight,4.63,young,6.30926351846357
flail,3,young,6.7189527660885
hide,4.55,young,6.33878840561014
lid,4.27,old,6.47495494465391
burn,4.13,young,6.41436019027903
ford,4.2,young,6.55653684972498
strut,3.47,young,6.55780056080154
miss,5.33,young,6.31146253978607
dike,2.27,old,6.74984922321596
spate,1.47,young,6.64266931404588
bill,5.23,old,6.60203142802959
dent,3.57,young,6.37424086696145
bed,6.27,young,6.31441723364168
lot,5.17,old,6.49828214947643
blot,3.87,young,6.49136066078125
grade,5.47,old,6.58552316877095
gush,3.5,young,6.53081931698795
stroke,3.47,old,6.64187383648921
spy,3.7,old,6.60876956035896
ditch,4,old,6.64678004935892
way,6.07,young,6.25203874883026
sect,2.7,young,6.67058886530436
sprig,1.72,young,6.63358155655515
broach,2.43,young,6.67650394827376
sole,3.44,young,6.39509463927042
twitch,3.13,young,6.53561855832242
shear,3.27,old,6.71792560669786
ease,4.17,young,6.46533568788021
shut,5.9,young,6.42486902390539
rig,2.87,young,6.51036250176485
stow,2.63,young,6.56020996145974
throne,3.4,young,6.52614340689613
smear,3.4,old,6.55179436577706
bash,4.07,young,6.40810036321832
glaze,3,young,6.40053979747028
jazz,3.63,old,6.60417415037698
tread,3.23,old,6.61809792360959
time,6.63,old,6.54797552008993
chow,3.59,old,6.67363924960024
fool,4.33,young,6.25269355202752
lass,1.7,old,6.76190836063497
grip,4.07,young,6.46023303888538
spread,4,old,6.6818579394713
char,2.43,young,6.8254600362553
bomb,4.4,young,6.35419611262925
taunt,3.33,old,6.70273402242717
kid,5.73,young,6.28376095711051
torque,2.6,old,6.95259479245483
weed,4.13,young,6.32491436367301
crown,2.97,old,6.56200614470071
pulp,3.03,old,6.6456109903182
ridge,3.37,young,6.46682878259581
beck,2.57,old,6.85255964351419
poll,3.53,old,6.6255249852086
sketch,3.93,young,6.4003072779542
scream,4.57,old,6.71776841867043
shield,3.41,young,6.46282662824
crank,3.38,young,6.3642170516339
mop,3.63,old,6.4803052641372
street,5.63,young,6.41616022349293
kind,5.97,old,6.6070690173951
pry,3.17,old,6.74856023102924
ski,3.83,young,6.41754894241888
dint,1.33,old,6.89522712840487
sip,4.4,old,6.54455911805314
thumb,4.7,young,6.29175430759885
vice,3.43,young,6.50653116513123
wane,2.63,young,6.56336175161291
snort,3.4,old,6.71082756979882
block,4.4,young,6.23891039094516
soy,3.47,young,6.49180034451927
gab,2.73,old,6.81282902546868
mulch,2.77,old,6.71157006424901
brim,3.47,young,6.55636633947264
square,4.8,young,6.48240374006638
slope,4.1,old,6.78619762842174
shine,4.7,old,6.75839643329094
blood,4.63,old,6.60099911378842
rain,5.47,old,6.57395945756433
lake,4.33,young,6.33606437944487
throw,4.93,young,6.34546090684095
mess,5,young,6.48757746790723
hand,5.43,young,6.34551354626965
brook,3.13,young,6.57109302430864
bind,3.37,young,6.54758853150126
hiss,2.93,old,6.72898740038748
plush,2.9,old,6.5773883668799
feat,2.83,old,6.78089870297942
rum,3.67,young,6.47250084206322
yak,2.7,old,6.94428005366451
pill,4.63,old,6.66899034676497
twin,3.53,old,6.55309259480433
tag,4.14,young,6.33242668900205
bug,4.73,old,6.50917144053749
grid,3.2,old,6.75360126581599
swine,2.83,old,6.66217438254899
hole,5.13,old,6.49022265035564
flag,3.97,young,6.46802475990608
serge,1.67,young,6.5648000732552
greet,4.57,young,6.61664065539488
bout,2.87,young,6.58673701225144
dung,2.5,young,6.67342438202735
caste,2.3,old,6.73696695800186
wheat,4.1,old,6.61025180069933
gob,2.07,old,6.83168384203084
coil,3.2,young,6.44171179798804
eel,2.6,young,6.53550248508007
spine,4.47,young,6.3554477207612
tote,2.57,old,6.63660250848157
cub,2.67,young,6.49202769130746
hoot,2.53,old,6.62127248710584
slit,3.67,old,6.83533511245206
psalm,3.03,young,6.56200614470071
champ,3.47,young,6.51487564055847
wine,4.37,old,6.5365031740436
loss,5.03,young,6.29225409011131
sleep,6.57,old,6.6328183082387
toe,4.63,young,6.29672250479911
lust,4.07,old,6.66572193361268
tact,3.5,young,6.47812554387467
rose,4.03,old,6.54467414486889
hash,3.17,young,6.49137582550809
quartz,2.83,young,6.37191949221198
chime,3.3,young,6.42567906850213
turn,5.9,young,6.39557874314519
fuel,4.77,young,6.31945448193674
man,6.37,old,6.52340076593666
sheen,2.3,old,6.82305758699429
groan,3.63,young,6.42511210618994
shall,4,old,6.74401207094937
mail,6.37,old,6.64231729547652
bait,3.2,young,6.46673552946011
snag,3.13,old,6.61472560020376
cease,4.23,old,6.70533305048118
count,5.07,young,6.31148069338366
slit,3.67,young,6.48436038870799
chat,5.06,old,6.60357790400116
dock,3.2,old,6.53524127101366
bale,2.53,young,6.62679721629011
beak,3.23,old,6.83352729962784
groove,3.53,old,6.65619939298123
soot,2.1,young,6.6265058062609
steed,1.97,young,6.5694814204143
shop,5.43,old,6.57966779189532
fell,5.17,young,6.37713502788797
chaise,1.87,young,6.67708346124714
stream,3.83,old,6.74012921258679
purge,3.17,old,6.63829288227314
lug,3.3,young,6.4362945887384
thrift,2.97,young,6.47073758236087
droop,2.97,young,6.62047312655168
lop,2.2,old,6.78696522677974
join,5.2,old,6.66920616908057
shah,1.63,old,6.94065799865785
quart,3.83,old,6.59010872201088
roam,3.67,young,6.40676446784619
find,5.67,young,6.48909854268752
smoke,5.73,young,6.25203874883026
shag,2.63,old,6.78787880360911
dust,4.23,young,6.3080437952077
grope,3.17,young,6.56582819167796
guy,6.4,old,6.64912702692109
slap,4.4,young,6.3730296451001
dime,5.47,young,6.37935953402268
bet,4.73,old,6.51678461702442
suite,5.23,old,6.64136492066464
salt,5.33,young,6.35175793656943
month,5.41,young,6.39062649866303
vote,4.17,old,6.68098014143388
bruise,4.77,young,6.44795541381919
pace,3.57,young,6.40646735969664
grate,3.27,young,6.50356935237235
stump,3.33,old,6.61329025423352
orb,1.77,young,6.6548996636824
splurge,3.13,young,6.55903433225655
clay,3.57,old,6.55887842220216
rail,3.9,old,6.6633880912163
glance,4.27,old,6.6201665355084
fret,2.9,young,6.58913278362372
dance,4.67,old,6.52795791762255
dose,3.9,old,6.66223829869103
flog,2.1,young,6.50273007410236
vault,3.2,young,6.41911506235137
loaf,3.83,young,6.27217864954412
teak,1.37,young,6.46115562751542
plush,2.9,young,6.48035126335522
gel,3.9,old,7.07802112349536
wood,4.3,old,6.66661322196525
hole,5.13,young,6.39447664905508
tone,3.93,young,6.34023583931621
barn,3.5,young,6.28592360383879
blush,4.3,old,6.50945444605799
rent,4.4,young,6.41209737489708
loop,4.27,old,6.54831938426697
gauze,2.9,old,6.73795105250691
braid,3.3,young,6.45827558545455
march,3.8,young,6.36954132911949
earn,4.8,old,6.61784405715534
split,4.03,old,6.59096017158647
send,5.34,young,6.27846513740354
haul,3.3,old,6.51103185081073
hart,1.43,old,6.71034038874053
hunt,3.37,old,6.57690123074356
blink,4.37,old,6.86651653096554
trend,4.5,old,6.65118420155541
nonce,1.27,old,7.09768945280594
shard,2.17,young,6.59968000487947
host,4.3,old,6.56475779919245
stab,4.07,young,6.38484020474378
poach,2.67,old,6.68071665169904
snail,3.3,old,6.75031753601063
ghoul,2.37,young,6.62986510899283
colt,2.67,old,6.54329294905188
stew,3.27,young,6.38438462771385
cord,3.83,old,6.56190722644244
sew,3.5,old,6.61414902651039
prince,3.43,old,6.78752926167461
tune,4.73,young,6.43084787341961
skiff,1.5,young,6.34539071662544
pal,3.93,old,6.54712968434666
flop,3.07,old,6.7155045911103
man,6.37,young,6.27189539284557
rook,2.03,young,6.58310488816369
pound,4.7,young,6.40461670069754
haze,3.77,young,6.383506634884
fawn,2.47,old,6.69750327345916
steam,3.9,young,6.38495828343493
wren,2.2,young,6.60219432764306
hall,5.33,young,6.36188952457088
gland,3.07,young,6.4170753609091
yank,3,young,6.58208053902026
steel,3.37,young,6.34691624318402
sill,2.77,young,6.67864395588814
sand,3.43,old,6.47998321035143
dusk,3.27,old,6.59818199966954
wharf,2.4,old,6.60813556895731
grub,3.03,young,6.5887614020111
ranch,2.93,old,6.54322095947594
mind,5.47,young,6.25575004175337
fame,3.8,young,6.30120772398717
chess,3.17,old,6.60934924316738
blanch,1.93,young,6.61401489194639
howl,2.9,old,6.5687799121428
pray,4.97,young,6.35744357352242
brick,3.8,young,6.3688901981849
fox,3.4,young,6.26089990620147
tract,2.77,old,6.64382879488475
oil,4.07,young,6.24862297700947
heat,5.67,young,6.38085108500346
cove,2.5,young,6.50201013166665
trait,4.17,young,6.47389069635227
sex,5.9,young,6.33585180570756
gird,1.77,old,6.79305124832116
boar,2.43,old,6.61065566705199
splash,4.17,young,6.46696864599612
clump,3.67,young,6.581304657802
dance,4.67,young,6.30151947041149
croak,2.9,young,6.5354154213058004
rug,4.27,young,6.32453815779439
boil,4.23,old,6.65049894678838
quirk,2.87,young,6.48042792401684
gnaw,3.27,young,6.56629261084571
jest,2.9,young,6.46563137321092
boil,4.23,young,6.34938371667687
berth,2.03,young,6.55118033004374
cope,3.4,young,6.44029241924615
lump,3.63,young,6.44078703827992
hint,4.66,old,6.57151301591498
ray,3.5,old,6.74106294706038
sluice,1.43,young,6.68607315925638
niece,3.93,old,6.6807292004037
welt,2.77,old,6.76540799749602
waive,3.1,old,6.75475560316222
mate,3.97,old,6.60439087912825
carve,3.17,old,6.6145647293559
snob,4.3,old,6.68903941099508
gas,5.13,young,6.36425149282556
room,6.13,young,6.37631870131202
croon,2.07,old,6.90748524252558
graph,4.43,young,6.43039666804905
hat,4.93,young,6.3114262316022
tusk,2.7,old,6.69089196562508
punt,3.67,old,6.72085927534179
fence,3.87,old,6.5792512120101
stance,3.73,young,6.48938728551845
budge,3.53,old,6.74064937479454
land,4.8,young,6.31124467090597
muck,2.7,old,6.89010034374342
law,4.9,young,6.39581236461273
hall,5.33,old,6.61566349804166
pierce,3.53,old,6.73992816833864
gut,4.2,old,6.68025223889047
fur,3.67,young,6.42464209378268
dwarf,3.03,old,6.74696426753845
pawn,2.67,young,6.44703641261368
grain,3.5,old,6.62576365185872
rock,5.2,young,6.4007722629336
thong,3.13,old,6.74401207094937
knife,4.73,old,6.54199634309601
peak,4,old,6.58425257321559
gig,3.33,young,6.6191260914918
snail,3.3,young,6.42614859388537
pip,2.43,young,6.5764695690482204
ewe,2.23,young,6.63614338670785
sale,5.4,old,6.65135221122282
like,6.7,old,6.53973045384782
spat,2.07,young,6.48999489277982
pomp,2.17,old,6.85220028485982
ram,3.43,young,6.5492214655584
set,5.2,young,6.37125280842616
verb,3.87,young,6.46168690243142
knock,4.97,young,6.36885591638853
ram,3.43,old,6.76028722061874
rule,5.07,young,6.37185113483961
grist,1.43,young,6.65736899127405
swig,2.8,young,6.55852399074195
torch,3.37,young,6.39312241687319
scald,2.97,young,6.60665018619822
hang,5.17,young,6.33242668900205
peg,2.63,young,6.42994525900031
throat,4.63,young,6.32076829425058
bloat,3.73,old,6.61909939920054
gloat,2.93,young,6.57361033212002
shake,4.67,young,6.32317546662748
drain,4.37,old,6.62273632394984
praise,4.27,young,6.31629788519056
school,6.07,old,6.61686807558141
pour,4.4,young,6.34726661019705
cause,5.8,old,6.5890227590056
rung,3.47,old,6.92063201679582
nod,3.6,old,6.65779279355737
tip,4.7,young,6.36629861166262
rind,2.27,young,6.5441708048377
par,3.37,young,6.5724643443489
loom,2.7,young,6.5423134465032
aim,4.1,young,6.3843171171653
loaf,3.83,old,6.60452631074903
grace,3.37,young,6.35662835844262
drop,4.83,young,6.3431244366572
boot,4.83,old,6.59085034785345
notch,3.13,young,6.49526555593701
cask,1.53,old,6.70011591420389
skull,3.83,old,6.55971438271983
zinc,3.73,young,6.53735804213447
freight,3.07,old,6.72946558330155
prose,2.9,young,6.51886701267875
start,5.67,old,6.62529952550194
cusp,2.13,old,6.96476868230857
spot,5.1,young,6.352333185206
cart,4,old,6.64850516052459
gall,2.87,old,6.75379958014485
king,4.23,young,6.3347882586783
suite,5.23,young,6.39566218564918
gob,2.07,young,6.69905689209942
flock,3.4,old,6.60348301383645
crease,3.4,old,6.71592869217388
roach,3.23,young,6.45029663137203
bend,4.6,young,6.30444880242198
bolt,3.7,young,6.38777117743123
vow,3.4,old,6.82486268089257
hour,6.47,young,6.264350190317
stretch,4.3,old,6.6481681546886104
fife,1.72,young,6.68140659671898
spray,4.34,old,6.72475749359716
dive,4.07,old,6.63906504771195
seam,3.17,old,6.72392859004488
east,4.73,old,6.79570577517351
kite,3.33,young,6.30627528694802
wad,2.9,young,6.47497036021901
doubt,5.23,old,6.57665061115493
box,5.1,old,6.45080212068064
valve,2.7,young,6.45005959527032
map,3.8,old,6.5141643924362604
lint,3.3,old,6.68582349318345
quay,1.37,young,6.40143615235401
gloss,3.63,old,6.55829708866341
bloke,2.2,young,6.63355524734298
year,5.37,old,6.61420267529861
gate,4.3,old,6.70446337337053
swirl,3.53,old,6.74063755593045
thrive,3.6,young,6.46581807680395
mess,5,old,6.73908807576073
wade,2.73,young,6.48373406634538
kale,1.3,young,6.67430883467203
shape,5,old,6.55599680082322
ounce,4.47,old,6.78380073870692
gibe,1.47,young,6.55250788703459
chide,2.4,young,6.71187420605443
bag,5.7,old,6.53997605293022
feint,1.73,young,6.56625039983285
stub,3.3,young,6.48815574890704
chuck,2.87,young,6.61657375726064
peat,1.63,young,6.5606769965737
beam,3.67,young,6.32659660037024
reek,3.77,old,6.79588473007736
glow,3.7,old,6.72583764060216
stir,4.2,old,6.52845487014458
stead,2.07,old,6.62622756290216
sock,5.13,young,6.45132313904648
smell,5.77,young,6.37625064400775
camp,3.83,old,6.62220426753931
take,6.16,old,6.5546454012079
found,5.5,old,6.54545022998977
yawn,4.2,old,6.63800480349469
book,6.72,young,6.35841402676555
ice,5.13,old,6.52902459997658
bog,2.43,young,6.53480576255065
realm,3,young,6.45778954347291
lute,2.17,young,6.4352685694426
nape,2.28,young,6.55377669659115
steer,3.47,old,6.71901315438526
meal,6.33,young,6.24693975178545
lift,4.8,old,6.58502617145279
champ,3.47,young,6.51487564055847
sir,4.67,old,6.64015030595954
quote,4.53,old,6.59085034785345
gain,5.07,old,6.69760198770617
vie,2.1,young,6.631263692166
beech,2.33,young,6.61296802440031
source,4.63,old,6.54955059415764
blow,4.43,old,6.56913072779278
pant,3.91,old,6.5748387134635
gulp,3.33,old,6.63485672318975
fist,4,old,6.85015794530155
coop,2.63,young,6.5970638431475
purge,3.17,young,6.48134739385405
grope,3.17,old,6.74819666929304
lath,1.27,young,6.78821695370589
plank,2.7,young,6.54064031288245
fine,6.17,old,6.69609553560921
pate,1.47,old,6.86120859632502
shoal,1.53,young,6.59486479427154
troop,3.41,old,6.6325286477977
stab,4.07,old,6.67749899203072
week,6.17,old,6.64468776729428
sky,5.13,old,6.50787454916787
vase,3.13,young,6.46109310602363
print,5.03,old,6.50449773241597
site,4.17,old,6.68977338337344
keep,6.17,old,6.60281853044782
trench,2.87,old,6.69678730359806
latch,3.23,old,6.62354716534186
view,5,old,6.62734007212226
word,6.52,young,6.40123703180245
spy,3.7,young,6.27236744277834
boo,2.9,old,6.66149662016188
lynch,2.77,young,6.50835176225257
web,4.73,young,6.42336059344103
cheer,3.87,old,6.50926081935477
flute,3.3,young,6.47592566144264
tripe,1.8,young,6.50443786293143
gay,5.37,old,6.60230291264487
squire,2.57,young,6.55143741414022
skeet,1.97,old,6.87745069871728
right,6.3,old,6.55307833770608
fade,3.93,young,6.32064238704403
do,6.47,young,6.31674943808862
crew,4.23,young,6.37761091082975
lake,4.33,old,6.51333396308625
stack,3.87,old,6.6398366173713
rob,4.07,old,6.61445746774472
slam,4.5,young,6.50214516036046
cost,5.97,old,6.56792340509447
brand,4.73,young,6.38918306101732
bring,6.13,young,6.34108214647041
size,5.53,young,6.33016643905646
pipe,3.3,young,6.33315528648419
pin,3.93,young,6.38618884535008
doll,3.7,old,6.68809316044201
scribe,2.73,old,6.63117139319639
sheen,2.3,young,6.5824405650568
scribe,2.73,old,6.63117139319639
fleet,3,young,6.51577878905453
vice,3.43,old,6.68921362268761
gem,2.73,old,6.64606578680461
room,6.13,old,6.51964863717012
sit,5.87,young,6.43404880265198
push,5.33,old,6.74308108739825
creak,3.27,young,6.40602153189436
care,5.67,young,6.29882056210583
buzz,3.9,old,6.59322260047947
jug,3.47,young,6.39052586129294
drag,3.83,young,6.34698632640788
shift,4.6,young,6.42590576345266
arc,3.1,young,6.60864818886089
cook,5.43,old,6.57060281105606
coupe,2.63,young,6.6134379082134
frown,3.77,old,6.81589215126148
part,5.53,young,6.3629763780648
smile,5.73,young,6.23939826722941
pride,4.2,old,6.5216956604979
gag,3.27,old,6.70216918940626
frost,3.63,old,6.67055083501957
swing,3.73,old,6.5249270132795
learn,6.03,young,6.32157731941943
stump,3.33,young,6.46558469186556
pea,3.77,young,6.38227276587251
strap,3.7,old,6.69524252002395
clench,3.53,young,6.57522924584778
lounge,4.23,old,6.67880741519028
skeet,1.97,young,6.64711752324035
hue,2.73,old,6.63616962791705
nerve,4.9,young,6.42386365645623
path,4.23,old,6.49947120131017
game,5.3,young,6.26780757488977
son,5.27,old,6.71567425311974
pause,4.5,old,6.56783911885836
book,6.72,old,6.6742204246008
lug,3.3,old,6.66746556883296
bat,3.5,young,6.28467505953497
ace,3.8,young,6.43552517297551
ear,5.53,old,6.55728958909258
match,4.67,old,6.57819509896344
rig,2.87,old,6.74750436382962
drift,3.83,old,6.7213895555591
salve,2.1,old,6.83391496331291
lee,3,young,6.58015358252911
gleam,2.9,young,6.56035151028724
brook,3.13,young,6.57109302430864
sap,2.93,old,6.69919241098296
drake,1.93,young,6.60252004728277
love,6.2,young,6.29679619540912
foil,3.9,old,6.66026780427841
dross,1.2,young,6.4831073514572
cream,4.33,young,6.44010088811378
way,6.07,old,6.49571862549093
film,5.31,old,6.58441839465392
grade,5.47,young,6.49562802800042
sight,5.07,young,6.34023583931621
home,6.53,old,6.45813450082706
hire,4.73,young,6.41457309038874
gulf,3.23,young,6.55303556519169
wake,5.73,old,6.67167845225603
drought,3.27,old,6.76176950870875
dun,1.2,old,7.0868131825155
nest,3.63,old,6.61119390192376
fiend,3.17,young,6.66764357943777
toss,3.73,old,6.56436315507175
fund,4.13,old,6.66010128598343
thorn,3.6,young,6.42559809356383
deal,5.1,old,6.51985500205344
whack,3.24,young,6.46647126500758
glide,3.24,young,6.47861716330969
crash,4.6,old,6.53798062151535
soul,4.43,old,6.55083744840598
fleck,2.47,old,6.93991264378119
boar,2.43,young,6.60060492333496
mum,2.1,old,6.76007859753036
pelt,2.28,old,6.81670302134755
page,5.97,old,6.49843274054667
pledge,4.4,old,6.65547895966091
sphinx,2.3,old,6.71036475343122
laze,1.73,young,6.35497855126947
chart,4.37,young,6.40859468674665
gene,4.03,old,6.74205482320442
rate,4.6,young,6.37454770432302
floor,5.9,old,6.4831073514572
pouch,2.87,young,6.4493323340092
crutch,2.8,young,6.4624676766868
rack,4.3,young,6.41627466147992
dash,3.87,young,6.36031753671941
scuff,3.33,young,6.61685469935497
ale,3.23,young,6.45683244794919
horse,4,old,6.73204382722779
cry,4.83,young,6.3431771992169
sting,3.27,old,6.70208320857993
coast,3.93,old,6.54602471978683
haze,3.77,old,6.65173981814258
badge,3.03,old,6.64192601834298
zest,2.79,old,6.67472551975884
splash,4.17,old,6.58378259642932
rip,4.03,young,6.44606896477644
knack,2.3,old,6.71335709236272
bough,2.3,old,6.73356854461668
reef,2.5,young,6.5913856246661
prize,4.4,young,6.36972973528949
rum,3.67,old,6.61046721638512
keel,2.73,young,6.47904713214357
gill,2.63,old,7.00332906040414
wit,3.55,young,6.44749601878683
cork,3.1,old,6.54203959039126
starve,4.3,old,6.66670230712436
jack,3.83,young,6.43752762464465
hurt,5.03,young,6.37696501479655
pray,4.97,old,6.47304157051485
squawk,2.53,old,6.69625616726264
shut,5.9,old,6.72960899359866
stave,1.9,young,6.57397342004714
crown,2.97,young,6.26885004126987
joke,5.5,young,6.27932785313597
cope,3.4,old,6.62941609219998
twin,3.53,young,6.35374375776655
clout,2.57,old,6.66026780427841
duck,4.03,old,6.52952102282223
ghost,3.9,old,6.58226056824087
pane,2.78,old,6.86641231544775
chalk,4.83,old,6.5620485352448
curd,2.43,young,6.57587050385062
sun,5.73,young,6.3230319173719
cling,3.93,young,6.38266168341844
spoil,4.13,old,6.59190690098178
sod,2.6,old,6.65685505062288
filth,3.3,young,6.52621663639008
clip,4.23,young,6.39974236251034
hawk,3.03,old,6.66730024489304
crease,3.4,young,6.5818589200931
hop,3.13,young,6.3488242565413
go,6.37,old,6.61334394911239
squeeze,4.4,young,6.36931862150796
leash,4.3,young,6.38333770169668
bunch,5.03,young,6.42080892900609
stag,2.93,young,6.41544059897501
peck,2.93,old,6.58702646181687
full,6.33,young,6.42749119079849
teach,5.17,old,6.59286643609214
yoke,2.83,old,6.62354716534186
cowl,1.33,old,6.92395337855091
guild,2.17,young,6.57469920064204
manse,1.3,young,6.2093945313693
weed,4.13,old,6.60254718579775
home,6.53,young,6.29749598550066
stay,5.33,old,6.49734797833465
seize,3.53,old,6.56677087784034
sloop,1.8,young,6.51656283016069
booth,3.77,young,6.34854440905635
gear,4.2,old,6.56602524433388
womb,3.1,young,6.39435968901351
pail,2.53,young,6.43133108193348
spoke,5.43,young,6.31950850824756
rink,3.47,old,6.78391392874179
risk,4.6,old,6.58874764448745
speech,4.47,young,6.31267810276856
staff,4.27,old,6.52244567707754
whit,2.83,old,6.83274074217668
whim,3.03,old,6.70391177771292
truck,4.93,young,6.4414248951027
foal,2.17,old,6.71727250990748
saw,5.53,old,6.74079119026921
sort,4.47,old,6.62662502971891
whelp,2.2,young,6.70757113180284
nab,2.47,young,6.60394382460047
rant,3.5,young,6.55733218004201
shirt,5.9,young,6.38617199856319
sword,3,old,6.5504372711793
gloat,2.93,old,6.67973736725167
laugh,6.13,young,6.29937195162134
cube,3.93,young,6.48286267320787
house,5.6,old,6.4599514016323
pie,4.17,old,6.49455533400059
sine,3.5,young,6.62349401555245
vow,3.4,young,6.48004456192665
mole,2.9,old,6.58874764448745
preach,3.67,old,6.71146055055056
rise,4.37,old,6.52718276346701
gist,3.53,young,6.60682584644473
poach,2.67,young,6.6158911405368
whim,3.03,young,6.43287578198962
veer,3.17,young,6.6373366651521
naught,3.03,young,6.64063371649554
gleam,2.9,old,6.78660407741799
mud,4.5,old,6.50328467618959
soot,2.1,old,6.79901126797642
punch,3.97,young,6.38205287598572
cowl,1.33,old,6.92395337855091
thud,2.97,young,6.53896437519334
kelp,2.17,old,6.8747360965249
fleet,3,old,6.6035643488146
bay,3.5,old,6.6035507934443
hob,1.73,young,6.43294009273918
rash,3.1,young,6.40025744530882
glimpse,3.4,young,6.45226975024931
stare,4.4,young,6.34794947299443
beep,4.1,old,6.59822288413686
fang,2.8,young,6.55095175534882
aisle,4.1,old,6.75668817338278
stint,2.4,old,6.7474221940786
soup,4.63,old,6.5937702981093
throne,3.4,old,6.77842078134598
freight,3.07,young,6.4923458900025
yard,4,young,6.40875940696972
edge,4.57,young,6.36349351246231
kilt,2.47,young,6.59534325990975
war,4.4,young,6.32450232128056
wing,3.93,old,6.5231216804539
dawn,3.73,young,6.37058567987654
earl,2.2,young,6.5424719605068
volt,2.93,young,6.51471269087253
buy,5.93,old,6.55539956515334
pelt,2.28,old,6.81670302134755
itch,4.88,old,6.63196225092277
hog,2.93,young,6.44306550616014
comb,4.67,young,6.46536681676938
dunk,3.83,young,6.55774379905894
quart,3.83,young,6.51991395562752
paunch,1.67,old,6.79808549173621
stunt,3.3,old,6.72494960502237
cheese,5.23,young,6.36475075685191
teens,5.1,old,6.78359696435235
fly,5.13,old,6.50657597368668
mat,3.83,young,6.43218418009955
bait,3.2,old,6.5844045772509
lap,4.2,young,6.46153067440067
strive,4.4,young,6.45047042214418
moot,2.1,young,6.55042297617326
skill,4.5,old,6.59491948764682
beach,3.9,old,6.63906504771195
shoe,5.7,young,6.3475818355858
snow,3.97,old,6.62365345644672
prime,4.13,old,6.58878891649059
verge,3.67,young,6.53796614732644
fog,3.72,old,6.63127687703768
squire,2.57,old,6.65170106421067
food,6.48,young,6.29169876078676
hide,4.55,old,6.51232465660186
add,5.27,old,6.60960527507844
kilt,2.47,old,6.79618664387767
group,6,old,6.59564389260718
floe,1.1,young,6.61069604471776
tilt,3.6,young,6.38792254605617
blade,3.43,young,6.37981740560618
glare,3.63,old,6.50229517086147
pad,4.2,young,6.38333770169668
full,6.33,old,6.57468524828932
rasp,2.2,old,6.74355257979828
squat,3.87,old,6.79798505483561
wane,2.63,old,6.75862862424582
swarm,3.37,young,6.44768613887993
add,5.27,young,6.35558669168176
place,5.67,young,6.3974628463778
skid,3.4,old,6.58938029476298
tin,3.27,young,6.39749616138789
meat,5.37,young,6.33290655678103
whoop,3.03,old,6.73052872061209
creek,3.23,young,6.41718969422351
bench,4.93,old,6.53431195689671
slave,3.77,young,6.38772071613084
scratch,4.72,old,6.6681392990994
write,5.8,old,6.60809508777094
shay,1.27,old,6.94882044393407
plate,5.57,young,6.37660789319285
jar,4,young,6.34503969162886
hearth,2.97,old,6.75202501894132
brew,3.7,young,6.39549529367797
shear,3.27,young,6.49639784516913
line,5.23,young,6.50635191082864
prove,4.47,young,6.49885427493807
guild,2.17,old,6.7413110083446
save,5.93,young,6.44481464793672
clod,1.83,old,6.73050484229599
ream,2.83,young,6.65881944816547
while,6.03,old,6.58400378949029
rest,5.57,old,6.53067352526574
stroll,3.37,young,6.46977730969356
screw,4.47,old,6.54906401792731
wolf,3.33,young,6.33340395433627
state,5.2,young,6.42498246965818
yoke,2.83,young,6.44198268626422
rink,3.47,young,6.55243655781454
cap,4.13,old,6.59935335871602
kick,4.6,old,6.64180860534262
foe,2.93,old,6.61245761471831
mane,2.7,old,6.84185049159442
god,5.63,young,6.37679497279577
pair,4.9,old,6.51756787022519
chest,4.5,old,6.60380831406432
heave,3.1,young,6.53288726885135
lock,5.63,young,6.38085108500346
cab,4.27,young,6.37360984989453
hut,3.07,old,6.53847261932575
bang,3.87,old,6.5580133886459
gouge,2.77,young,6.63752012013408
check,5.63,young,6.4150969591716
lilt,1.73,old,6.7361006279234
peat,1.63,old,6.82299228158262
dress,5.5,young,6.22801778533211
inch,5.1,old,6.56719268825687
birch,2.43,old,6.75611810431918
writhe,2.13,old,6.92888056059709
chide,2.4,old,6.7858474982488
gun,4.87,old,6.58488807279489
shelf,4.44,old,6.5740990736204
babe,4.94,old,6.60744716582286
node,3.43,old,6.89125997645294
span,3.77,old,6.77625610571462
writ,2.23,young,6.70383820863152
dive,4.07,young,6.3575822673733
chomp,3.07,old,6.8590481113684
broom,4.03,young,6.45058100054833
sheaf,1.63,young,6.61472560020376
seal,3.73,young,6.4399412508094
grudge,3.7,old,6.6956753000239
will,6.33,old,6.50529066488621
pound,4.7,old,6.50177003562708
grill,4.33,old,6.73831835761718
owl,2.93,young,6.3580328895862
strip,4.33,young,6.35222861915501
lurch,2.43,young,6.6257371361548
pine,4,old,6.5986043919147
shoot,4.2,old,6.5938250513774
fad,3.21,young,6.51432743148448
mile,5.1,old,6.59450921439908
ink,4.2,old,6.52223984618159
den,3.73,young,6.43840743466246
mart,4,young,6.54606779321986
meet,5.08,young,6.37495667440574
chord,3.55,young,6.50808335791474
boost,3.7,old,6.74832569020047
wrack,1.93,young,6.41887051773299
right,6.3,young,6.35330860811172
page,5.97,young,6.34829947824808
hiss,2.93,young,6.53493643500581
poise,3.2,old,6.66498283527896
spite,3.57,old,6.64015030595954
kid,5.73,young,6.28376095711051
feud,2.97,old,6.73888682206793
cast,3.7,young,6.39340679054211
paunch,1.67,young,6.60518966069044
feint,1.73,old,6.91807187938409
wad,2.9,old,6.70730233758763
ought,4.47,old,6.65813940733681
tease,4.55,old,6.58327090000625
pee,6.03,young,6.47598726245292
tread,3.23,young,6.53506709038791
north,4.93,old,6.62458302200818
trap,3.93,old,6.59235936796284
mow,3.37,young,6.50999044750016
rush,5.57,old,6.56319240121242
plough,2.52,old,6.73300895750592
need,6.47,young,6.27778944902032
tie,4.33,young,6.28984543260647
root,3.77,young,6.43919061393066
kneel,3.9,young,6.54026491582346
pal,3.93,young,6.35527397994731
cost,5.97,young,6.39936003278786
plan,5.27,young,6.45535578368476
meld,2.4,young,6.4153260654943
swipe,3.73,old,6.69311298932529
priest,3.94,old,6.83020446396358
cot,3.1,old,6.70995047293303
wipe,4.83,old,6.53828453109735
keel,2.73,old,6.7660765006502
heed,2.9,young,6.53952815047878
shag,2.63,old,6.78787880360911
gash,2.9,old,6.93414401332004
seam,3.17,young,6.59728211822954
fence,3.87,young,6.43380788330258
cod,2.57,young,6.49354201711626
flick,3.73,old,6.67888284893434
badge,3.03,young,6.47058276202955
lame,3.97,young,6.42561428907606
kin,3.4,young,6.46413648824109
guard,4.33,old,6.5355895412749
crane,3,young,6.45200163470568
chair,5.67,old,6.509067155153
look,6.23,old,6.5225926732118
sob,3.5,young,6.5031797750588
ward,2.87,young,6.57965390869468
eve,3.4,old,6.69119004302805
yolk,3.43,old,6.79959083599158
chop,3.6,young,6.38901508413054
aid,4.37,young,6.29465695992295
taunt,3.33,young,6.45496268646676
shift,4.6,old,6.62020653097559
writhe,2.13,young,6.52464835348464
sphere,3.63,old,6.71392778200198
brace,3.1,young,6.4352685694426
jade,2.8,young,6.48463523563525
lymph,2.84,old,6.74471856840005
shark,3.5,young,6.4610774750399
tryst,1.5,young,6.64272145440774
egg,4.73,old,6.50308985104454
mush,3.1,young,6.55330642688994
hinge,3.31,old,6.68436169641272
cad,1.7,young,6.69665145836262
zoo,3.3,young,6.2638553009908
spleen,2.87,old,6.90302410460624
peck,2.93,young,6.38783845520437
beard,3.8,young,6.37806958357479
rein,2.7,old,6.71047438719365
fin,2.87,old,6.97385196055699
foil,3.9,old,6.66026780427841
glare,3.63,young,6.39290490007753
tin,3.27,old,6.74912290468165
fluff,3.17,old,6.67986297014572
clamp,3.31,old,6.63222573123573
dearth,1.9,old,6.88949965445987
spit,4.23,young,6.47199074443803
choir,3.67,young,6.45226975024931
tee,3.4,old,6.64451863410148
part,5.53,old,6.55312110839106
move,5.73,old,6.56686931618637
fox,3.4,old,6.5192947696898
goad,2.03,young,6.4893720906057
skip,4.83,old,6.63401555865306
ant,3.63,young,6.48220480361062
tent,3.2,young,6.34847443494674
stalk,3.14,young,6.41193320363325
brink,2.83,young,6.53576363093151
hilt,1.93,young,6.48208236150262
milk,5.7,old,6.46630023314082
flee,3.25,old,6.64484386485557
hike,3.67,old,6.57674808179198
bruise,4.77,old,6.64423234351458
week,6.17,young,6.42363649804471
scrape,3.77,old,6.71472862657174
bone,4.17,young,6.33169756027853
clause,3.17,young,6.60665018619822
mash,2.97,old,6.66742741958036
swine,2.83,young,6.39972574251815
vale,2.3,young,6.69385636403275
know,6.3,young,6.30481436630834
hen,3.37,old,6.71325992125647
trade,4.47,old,6.54401255991739
hail,3.37,old,6.59111115952831
rent,4.4,old,6.59874060942704
cove,2.5,old,6.68611060379166
church,4.23,young,6.33327962813969
shred,3.27,young,6.41150623216816
sulk,3.3,old,6.81767738685547
lose,5.23,old,6.62125916966465
nut,4.53,young,6.41751628882453
vine,2.83,young,6.39203435945034
palm,4.07,old,6.5516087668273
rain,5.47,young,6.3672605135541
hark,2.9,old,6.66796137672392
guise,2.34,young,6.57191884019864
snatch,3.37,young,6.4364868502146
crux,1.97,young,6.67448563136892
quell,2.4,old,6.79323067885399
slant,3.13,old,6.68156960510173
sloe,1.23,old,7.06636457581634
cult,3.03,old,6.7104865679809
ire,2.1,old,6.73235372365335
broom,4.03,old,6.52146024520953
fork,5.83,young,6.37343923636788
silk,3.6,old,6.68989773209716
pawn,2.67,old,6.70073110954781
track,4.43,old,6.57393153201385
smack,4.13,young,6.33571006477431
pick,5.57,young,6.31876989590438
pup,3.07,young,6.41139124715715
bard,1.93,old,6.83434552455614
pig,4.6,young,6.28142527145951
script,3.77,old,6.52674373050322
prep,3.43,young,6.50440792684497
mate,3.97,young,6.39509463927042
fair,5.17,young,6.40009131855373
harm,4.47,old,6.66840612332099
sand,3.43,young,6.3399535776931
loon,2.17,old,6.87598593529315
jig,2.43,old,6.61610534496897
wretch,2.97,old,6.74812628723574
bang,3.87,young,6.27607942051029
plane,4.37,young,6.36635016558374
spoof,3.17,old,6.7665257602434
claw,3.6,old,6.61656037709674
stunt,3.3,old,6.72494960502237
fault,4.93,old,6.5645886850682
lid,4.27,young,6.42139459961566
lance,2.14,young,6.54692887249235
roast,3.67,old,6.67749899203072
cub,2.67,old,6.71788933473065
kid,5.73,old,6.47389069635227
dish,5.4,old,6.55852399074195
slice,4.43,old,6.54648407411499
broth,3.4,young,6.6973675254566
eel,2.6,old,6.7546507184479
gibe,1.47,old,6.93173544271913
par,3.37,old,6.65444886802044
bribe,3.62,old,6.58469470262854
knob,4.3,young,6.42905796896767
maze,3.07,young,6.40385561528688
aim,4.1,old,6.59874060942704
spree,3.27,young,6.60716356790878
pan,4.2,old,6.57727704239675
loot,2.7,old,6.65173981814258
glow,3.7,young,6.32911466118767
fame,3.8,old,6.7757084980618
deed,3.93,old,6.59235936796284
skill,4.5,young,6.39980883971699
gut,4.2,young,6.49978704065585
fold,4.93,young,6.37616556586342
soothe,3.43,young,6.51642973442769
sprout,3.33,old,6.62277621677113
duck,4.03,young,6.30866294517103
beam,3.67,old,6.75013023720996
blight,2.13,old,6.7250696559241
flail,3,old,6.9304361132052
lag,3.07,old,6.58178965410475
chance,5.03,old,6.52605552442424
witch,3.37,old,6.65217892443919
flux,2.53,young,6.51988447927492
launch,3.2,old,6.68187047386254
smoke,5.73,old,6.53601020607654
boat,4,young,6.3286686587005
wedge,2.7,young,6.4199460670186
chip,4.63,old,6.49757406752026
call,6.17,young,6.3176338907333
sprawl,2.83,old,6.74060209850005
graph,4.43,old,6.63222573123573
tick,3.5,young,6.46946734750647
phase,4.17,old,6.65587783509483
fight,4.63,old,6.67717161857023
dip,4.4,young,6.41504785812983
dun,1.2,young,6.351461467169
grin,3.7,old,6.65498979843392
stake,3.1,young,6.50091422469404
club,4.97,young,6.44706811637375
rod,2.97,old,6.61355869980109
zinc,3.73,old,6.78963593678105
thrift,2.97,old,6.62176510779122
hitch,3.27,old,6.67936046388523
limb,3.88,old,6.55738896515297
chrome,2.77,old,6.78469459098664
duck,4.03,old,6.52952102282223
stave,1.9,old,6.81188294119662
ranch,2.93,young,6.43117003837085
welt,2.77,young,6.62567084381883
swim,4.1,young,6.23511635905354
den,3.73,old,6.78479637158169
hook,3.93,old,6.61864552120583
shade,4.17,young,6.38152832797332
kin,3.4,old,6.81198199196022
chute,2.7,old,6.64902340937337
ware,2.7,young,6.51631141223623
prowl,2.87,young,6.48321437936865
fern,2.57,young,6.59725483644968
lack,4.87,old,6.61310229944952
scalp,3.47,old,6.51972234380301
lick,4.3,old,6.60281853044782
brain,4.83,old,6.5669536841997
shack,3.17,young,6.41139124715715
haw,1.63,old,6.96482535558713
talk,6.45,young,6.30206937419219
march,3.8,old,6.558665778401
dill,2.87,young,6.58433548737184
scalp,3.47,young,6.47036597328933
veal,2.93,old,6.71008452364096
quake,3.33,old,6.6028727905436
lung,4.13,old,6.74213743515842
weld,2.87,old,6.6440501159118
back,5.8,old,6.56603931803787
churn,2.53,young,6.5170506963472
lance,2.14,old,6.69542802010178
foil,3.9,young,6.37280771309574
verge,3.67,old,6.78355167552283
pace,3.57,old,6.62734007212226
flange,1.57,young,6.74170069465205
smash,3.83,young,6.36259697613564
quay,1.37,old,6.80402676421943
pump,4.03,young,6.4072924422517
stamp,4.23,old,6.62888757889557
craft,3.38,young,6.39313914697483
crow,3.37,young,6.36693425768075
air,5.53,young,6.23812929346354
reed,2.77,young,6.54841965571619
crap,5.43,old,6.62945571943975
broth,3.4,old,6.6553502562192
whorl,1.44,young,6.65544035036765
flow,5,young,6.29188390482935
hive,3.03,young,6.51966337893132
serf,2.23,old,6.82624148979859
fright,3.5,old,6.74814974847192
plant,5.13,young,6.42417186035988
help,5.13,young,6.41534242822327
yelp,2.7,old,6.66752914768665
chuck,2.87,old,6.73098230031859
perch,3.19,young,6.53974490252251
shuck,2.23,old,7.02346505581084
seize,3.53,young,6.42303590230063
niece,3.93,young,6.44303367524595
gnome,2.43,young,6.66863477314479
vet,3.4,old,6.73701440646098
wash,5.7,young,6.38659308311476
roe,2.07,young,6.55322089954252
sing,4.93,young,6.41386870927307
scarf,3.1,old,6.65743321528743
ape,3.33,old,6.61919281910305
bug,4.73,young,6.32688265690411
wasp,3.13,young,6.39040843822588
chain,4.17,old,6.70261125977633
bloom,3.58,young,6.34635540050321
charge,5.5,young,6.33815228451365
lung,4.13,young,6.42530652948246
side,5.37,old,6.64235641477081
king,4.23,old,6.56474370744105
squeeze,4.4,old,6.64026791381588
train,3.93,young,6.33922991841677
fawn,2.47,young,6.50151487040622
flux,2.53,old,6.75792027322248
leaf,4.5,young,6.34475878288724
charm,4.13,old,6.5262459266862
choke,4,young,6.35381336414252
roar,3.07,young,6.35933162480083
fleet,3,old,6.6035643488146
heave,3.1,old,6.66629499588203
rout,2.43,old,6.71330850798988
top,5.6,young,6.26543428373128
flesh,3.63,young,6.35442221334938
thaw,3.47,young,6.43377575633681
head,5.5,young,6.33393660588822
guilt,4.57,old,6.63581531347896
cloth,4.63,young,6.38968682244656
list,5.27,old,6.61384049011071
gore,3.17,old,6.75114825146817
role,4.47,young,6.27619225973333
dole,2.93,young,6.50530561983443
shrine,2.87,old,6.86818250386231
hug,5.5,old,6.56248646567737
steer,3.47,old,6.71901315438526
craze,3.37,young,6.43984545619298
rouse,2.27,old,6.83840520084734
chafe,2,old,6.76535034698493
rice,5,young,6.3294178292967
pun,3.37,young,6.55420402267594
dump,4.53,old,6.59001254504519
tea,4.67,old,6.53751734352579
haw,1.63,young,6.4798758360368
draw,4.77,young,6.48641990171294
knit,2.9,old,6.58206668927613
haste,3.4,young,6.32695415825373
tag,4.14,old,6.64199124183129
cream,4.33,old,6.59554824655217
heal,3.9,old,6.54470289950558
hunk,3.3,old,6.68145675597463
might,5.53,young,6.32911466118767
paw,3.93,old,6.63699587372626
steed,1.97,old,6.80338316358469
zone,4.53,young,6.37903720237456
fort,2.8,old,6.71805859265595
knoll,2.4,young,6.5649409738923
gain,5.07,young,6.40511274885745
draught,3.13,young,6.50190509674244
pane,2.78,young,6.49731782924741
wear,5.97,young,6.3466884387794
soothe,3.43,old,6.69222020962137
pearl,3.6,old,6.52683155251733
globe,3.47,young,6.51383823457297
daunt,2.37,old,6.85240111885006
star,5.23,old,6.58517805795244
arm,5.23,old,6.5238706286573
bean,4.4,old,6.69310059506383
key,5.5,old,6.45047042214418
urge,4.1,old,6.66273670444196
gale,2.5,old,6.7719355558396
mob,3.27,old,6.54568006551473
spleen,2.87,young,6.62342757434293
speak,5.3,old,6.65368849501442
shrug,3.5,old,6.6613558949149
stone,4.23,young,6.40506315511287
box,5.1,young,6.27664348934164
bob,3.27,old,6.81628671073
fell,5.17,young,6.37713502788797
thrill,3.73,young,6.35934892988073
slang,3.97,old,6.64075126751608
tune,4.73,old,6.59053453741947
maid,3.33,old,6.55112319126792
pave,3.34,young,6.49323933535355
thigh,4.4,old,6.55126603208636
lens,4.23,young,6.436903289981
raid,3.27,old,6.5525649467476
sight,5.07,old,6.6369565441641996
vamp,2.27,old,6.84146589264092
ghost,3.9,young,6.42971947803914
bran,3.43,young,6.73593439662404
spite,3.57,young,6.53628571813193
dram,1.6,old,6.96425847821587
would,6.43,old,6.56653177293544
rhyme,4.07,old,6.66708401079971
loop,4.27,young,6.35065881488372
wasp,3.13,old,6.65286302935335
troop,3.41,young,6.5404815082479
bin,3.77,old,6.80363843408957
leak,3.87,young,6.3303267825482
mould,2.27,young,6.55440337904034
pump,4.03,old,6.62539236800796
do,6.47,young,6.31674943808862
urge,4.1,young,6.45092845309296
trip,5.13,old,6.5879769209326
marsh,2.47,young,6.56492688472195
art,4.77,young,6.32312163807142
ground,5.03,old,6.55083744840598
joy,4.9,old,6.46224912133679
swear,4.6,old,6.58248209818294
bolt,3.7,old,6.52366509088167
curve,4.63,old,6.57228254269401
weep,3.67,old,6.70177607383751
soap,5.3,old,6.50508127212445
think,6.17,young,6.3806817025714
junk,4.67,young,6.3256663511037
shade,4.17,old,6.5881558918503
crane,3,old,6.77945588981198
zeal,2.63,young,6.52163681187126
last,5.8,young,6.34716151298203
dud,2.83,young,6.62313518056618
win,4.8,young,6.32661448130112
stalk,3.14,old,6.65749743517636
scrap,4.03,old,6.74181875143751
hank,1.94,old,6.85565112962474
yeast,3.03,young,6.4579149962793
goose,3.31,young,6.43803960827236
isle,2.73,young,6.52079784242971
prod,2.5,young,6.61684132294962
gin,3.6,young,6.46012352271208
cure,4.17,old,6.68798104513753
cox,1.83,old,6.63185683935639
drive,5.97,young,6.39987531250472
sue,3.8,young,6.51666633681848
clump,3.67,old,6.85125899882447
bomb,4.4,old,6.61931291758395
shave,5.07,young,6.43837545512935
screw,4.47,young,6.38066476275011
gong,2.27,old,6.82893931854642
tongue,4.67,old,6.55531421664689
pinch,3.67,young,6.45573301169212
darn,4.73,old,6.71040129935422
champ,3.47,old,6.54955059415764
hurl,3.63,old,6.58127693662163
thump,2.97,old,6.68548634507859
hob,1.73,old,6.70808408385307
soul,4.43,young,6.30170280527313
maid,3.33,young,6.36622986896651
lamb,3.47,young,6.35048423997318
class,6.3,old,6.57464339006313
pine,4,young,6.44790789998078
dirge,1.97,young,6.52915603000853
beef,4.73,old,6.54955059415764
rack,4.3,old,6.66559454183183
name,6.34,young,6.318481508887
dug,3.57,young,6.40777067839402
lurch,2.43,old,6.72883194169434
gift,4.6,young,6.41176900541279
kiss,5.17,old,6.53583615934455
spear,3.2,old,6.60181418725807
hit,5.27,old,6.6156902822015
block,4.4,old,6.58317406311409
squeal,2.87,young,6.41950620939505
vest,3.53,young,6.51970760291104
seem,6.17,old,6.6909292301598
shag,2.63,young,6.51205731663294
piss,4.83,young,6.37125280842616
spout,3.21,young,6.4418870870162
tusk,2.7,young,6.54274569825335
frost,3.63,young,6.42572765031797
bib,3.23,old,6.64589688653981
kelp,2.17,young,6.68110558833864
probe,3.2,young,6.49659397832909
moot,2.1,old,6.79027719682271
plea,2.83,young,6.45051781438607
plug,3.93,old,6.63742839685006
star,5.23,young,6.47395242284222
pact,3.33,old,6.57218463580338
pen,6.17,young,6.4949331744204
twitch,3.13,old,6.70555341187475
lodge,3.3,old,6.56906057450782
car,6.3,old,6.50478206352895
cliff,3.13,old,6.56865358837482
growl,4.03,young,6.40471593001658
lard,3.4,old,6.58068074529588
dice,3.43,young,6.31994061368801
mood,5.23,young,6.32931083928234
bloom,3.58,old,6.56059209732076
corn,3.97,old,6.57968167490321
come,6.3,young,6.36240722117772
crush,4,old,6.56775482551748
plank,2.7,old,6.63414703726168
nap,5.63,old,6.66746556883296
faith,4.67,young,6.3554477207612
launch,3.2,young,6.3486318698084
hawk,3.03,old,6.66730024489304
inn,3.57,young,6.41193320363325
beast,3.47,old,6.69675025672759
thrash,3,old,6.70567581389209
joke,5.5,old,6.52406144734343
sweep,3.93,young,6.38728327816434
dirge,1.97,old,6.7532278615315
pimp,4.6,old,6.68526151650942
butt,4.77,young,6.32405425646497
probe,3.2,old,6.58944903698655
faze,2.72,old,6.80266139444174
root,3.77,old,6.56413757420005
craze,3.37,old,6.67871940196309
yang,2.1,old,7.10957712979247
skin,5.7,old,6.72327940330877
thought,6.37,young,6.30340621158099
hour,6.47,old,6.45813450082706
court,4.8,old,6.50329966116715
peep,3.23,young,6.33235557789091
cut,5.47,old,6.53809640748511
frog,4.17,old,6.57883445851376
paw,3.93,young,6.41244204684665
fish,4.27,old,6.54850559467094
mare,2.57,old,6.83075543709327
bark,3.7,old,6.60235720072458
bile,2.37,young,6.52602622855056
gab,2.73,young,6.57588443967615
ooze,2.97,old,6.84084594969856
ton,4.13,old,6.84467702446943
hay,3.13,old,6.51086827352381
load,3.87,young,6.29990467264427
bag,5.7,young,6.3217210776184
leave,5.93,young,6.3060197798563
crate,3.33,young,6.54065474841696
pipe,3.3,old,6.52620199092029
tube,4,old,6.53116913042435
broad,4.27,old,6.65002028289831
lump,3.63,young,6.44078703827992
doe,2.37,old,6.66489359680182
nick,3.47,young,6.6494766568996
suck,5.37,young,6.35648953221812
have,6.97,old,6.48670941890695
drum,3.73,young,6.4393982932745
hoot,2.53,young,6.47199074443803
fuzz,3.3,young,6.56271241927311
fraud,3.83,old,6.71843327614344
crepe,2.67,old,6.6949332767398
slate,2.83,young,6.53766214095444
bun,3.83,young,6.43981352261482
dirt,5,young,6.37568899444528
tax,4.83,young,6.29006801343205
lash,2.9,young,6.42324696353352
bind,3.37,old,6.6572405308718
sole,3.44,old,6.62588296382652
gilt,1.83,young,6.58303570842779
flex,4.43,old,6.65899900440553
test,5.87,young,6.37514406314422
bid,3.5,young,6.41521151889416
start,5.67,young,6.36750084452533
gyp,1.84,young,6.56596894753716
sneak,3.93,young,6.32711501760045
swamp,3.21,young,6.39380812162891
flaw,4.1,young,6.47047437353411
glaze,3,old,6.62671774924902
shrub,3.17,old,6.70060810075253
shin,3.7,old,6.82279633975495
gun,4.87,young,6.35978145958064
scout,3.3,old,6.64304727009018
phrase,4.97,young,6.38313494419396
grease,3.8,old,6.68889006252749
merge,3.83,young,6.44988573307938
grouse,2.07,young,6.54167913910234
whiff,2.67,old,6.72401271303274
toot,2.9,old,6.70405889964049
shop,5.43,young,6.40244773590005
bin,3.77,young,6.53938362301108
guard,4.33,young,6.32597056627565
loft,3.5,young,6.47256265440098
tank,3.7,old,6.74264475891854
chap,2.97,young,6.48033593051765
hog,2.93,young,6.44306550616014
wear,5.97,old,6.63888187596175
clog,3.1,old,6.77281718312868
newt,2.73,old,6.82410189398488
lawn,4.2,young,6.30318658019478
skit,3.43,young,6.46595808162657
nun,2.87,old,6.75771115569767
cheese,5.23,old,6.57837582897415
theme,4.47,old,6.64187383648921
brook,3.13,old,6.65312106057656
hide,4.55,old,6.51232465660186
blast,3.83,old,6.62662502971891
flour,3.83,old,6.55897764050377
launch,3.2,young,6.3486318698084
bind,3.37,young,6.54758853150126
hart,1.43,young,6.51925052744877
purse,4.43,old,6.64330784622548
hem,2.67,old,6.62609503884885
stain,4.5,young,6.41714069583228
slap,4.4,old,6.62068635185167
rinse,4.9,young,6.37507592584755
bout,2.87,old,6.69958654334263
fry,4.87,old,6.5648000732552
switch,5.2,old,6.63458079406236
squirt,3.23,young,6.344425101234
yell,4.63,young,6.39210135102617
pull,5.67,old,6.59290753845759
brawl,3.97,young,6.49602055786038
lynch,2.77,old,6.72956119245142
string,4.53,young,6.36818718635049
thwack,1.7,young,6.78754053912817
raft,3.2,young,6.49822190669802
soak,4.23,young,6.40971424957557
park,5.47,young,6.39676297465905
guile,1.9,young,6.60724460409148
frock,2.47,old,6.72308697071971
get,6.77,young,6.33716195780176
pod,3,old,6.77278284856121
pole,3.93,young,6.32423350648337
thud,2.97,old,6.63970588474549
sweat,4.73,young,6.34307167131347
gate,4.3,young,6.48593210426115
yacht,2.7,young,6.55205129208345
gold,4.37,young,6.3437046717566
tuck,3.83,young,6.4986886933323
dean,4.07,young,6.51814383479714
cot,3.1,young,6.54927871309678
louse,2.17,old,6.69797207936976
tube,4,young,6.42774979755603
mouth,5.77,young,6.29526600143965
suck,5.37,old,6.72314710988175
grant,4.03,young,6.3212897410074
dose,3.9,young,6.46335701637174
rook,2.03,old,6.7952918192595
hunch,3.47,old,6.73472244809044
guilt,4.57,young,6.47886288242326
thirst,4.8,old,6.53378883793334
verb,3.87,old,6.63241012615749
wag,3,young,6.50398872750955
jig,2.43,young,6.49624694732669
fort,2.8,young,6.56685525415877
crap,5.43,young,6.42417186035988
crust,3.7,young,6.43930244662906
stray,3.81,old,6.56840089295569
chief,3.63,old,6.5802229619304
knack,2.3,young,6.62726064821033
well,6.13,young,6.31412758845501
pall,1.93,young,6.4450211626834
glen,2.27,old,6.86453457652757
flight,4.37,young,6.44911088860249
clog,3.1,young,6.56608153796146
tire,4.57,young,6.39267059829576
thorn,3.6,old,6.52143081440136
scar,3.88,young,6.43149209956526
prod,2.5,old,6.74401207094937
crow,3.37,old,6.61007674127968
hide,4.55,young,6.33878840561014
tooth,4.67,old,6.47140303679019
clock,5.93,young,6.3070596507871
hope,5.3,old,6.48768401848461
coup,2.7,old,6.76706690760412
pee,6.03,old,6.72584963568417
brag,4.2,old,6.60632580926938
cash,5.67,old,6.50118455991135
ledge,3.43,young,6.41434381146993
puck,3.5,young,6.47720310549733
trot,2.7,old,6.78316663763714
ball,5.3,old,6.61610534496897
rice,5,old,6.51348230462809
thigh,4.4,young,6.3726369626471
tail,4.47,old,6.64437549905332
quack,3.17,young,6.417010021717
steer,3.47,young,6.45318395676602
chase,4.37,old,6.53403590043415
pair,4.9,young,6.32829386282601
pork,3.87,young,6.42422051545205
wick,3.03,old,6.79071571688078
tote,2.57,young,6.58393467191435
elk,2.47,young,6.45559156786473
limp,3.87,old,6.59822288413686
stride,3.53,young,6.42180111360127
tea,4.67,young,6.28958569234527
flax,1.93,young,6.56729108509138
poise,3.2,young,6.46051459684126
scheme,3.69,young,6.40078886554187
zing,2.17,old,6.86184745687092
wed,3.14,young,6.45168611259285
wit,3.55,young,6.44749601878683
mud,4.5,young,6.28523430196249
lymph,2.84,young,6.57522924584778
crime,4.96,old,6.71119279989784
blame,4.33,young,6.30920893579356
core,3.73,old,6.61347817369716
fen,1.8,old,6.96610908916221
breast,5.2,old,6.65398498037601
slob,4.03,old,6.70761999571685
dock,3.2,young,6.39979222082962
wig,3.23,young,6.38113896930982
goose,3.31,old,6.71901315438526
moose,2.9,old,6.63291045533185
broach,2.43,old,6.79026595018967
twinge,2.6,old,6.80627611003228
haunt,3.2,young,6.54611086479765
pip,2.43,old,6.92402225144601
whack,3.24,young,6.46647126500758
gush,3.5,old,6.8330317327862
farm,3.9,old,6.50876913697168
crook,3.37,old,6.59181089681238
hate,6.03,young,6.26803511480504
heel,3.73,old,6.63243646551375
bee,3.63,old,6.54636925531329
gore,3.17,young,6.59861801450095
trail,3.87,young,6.43610229029062
height,4.9,old,6.61334394911239
noun,4.13,old,6.86162756733835
ship,3.97,old,6.56747379638696
hog,2.93,old,6.49588469957545
golf,4.2,young,6.24984009799277
steak,4.3,old,6.65739468137437
whack,3.24,old,6.75989311823975
scoop,4.07,old,6.6401372375661
chomp,3.07,young,6.6199665341744
wealth,4.43,young,6.41033934212606
knight,3.21,young,6.34127599102531
wade,2.73,old,6.64011110026686
wart,2.97,old,6.68488668986236
scour,2.87,old,6.68889006252749
chum,2.43,old,6.62804137617953
pin,3.93,old,6.71667951569297
score,5.5,old,6.57631635396877
binge,3.37,old,6.6284910105286
yang,2.1,young,6.76256764412182
sniff,3.8,young,6.48501684220352
